Date,Rate,Normalized_Rate
2020-05-07,106.195,0.05956219243169847
2020-05-08,106.365,0.0624469709825215
2020-05-09,106.665,0.0675377566604447
2020-05-10,106.665,0.0675377566604447
2020-05-11,106.925,0.07194977091464438
2020-05-12,107.575,0.08297980655014414
2020-05-13,107.145,0.07568301374512121
2020-05-14,106.925,0.07194977091464438
2020-05-15,107.365,0.07941625657559803
2020-05-16,107.09,0.07474970303750217
2020-05-17,107.09,0.07474970303750217
2020-05-18,107.205,0.07670117088070572
2020-05-19,107.385,0.07975564228745968
2020-05-20,107.825,0.08722212794841333
2020-05-21,107.595,0.08331919226200557
2020-05-22,107.635,0.08399796368572887
2020-05-23,107.63,0.08391311725776318
2020-05-24,107.63,0.08391311725776318
2020-05-25,107.74,0.0857797386730017
2020-05-26,107.685,0.08484642796538266
2020-05-27,107.49,0.08153741727473252
2020-05-28,107.805,0.0868827422365519
2020-05-29,107.645,0.08416765654165936
2020-05-30,107.805,0.0868827422365519
2020-05-31,107.805,0.0868827422365519
2020-06-01,107.715,0.08535550653317503
2020-06-02,107.555,0.08264042083828271
2020-06-03,108.825,0.10419141354148986
2020-06-04,109.0,0.10716103852027814
2020-06-05,109.145,0.10962158493127427
2020-06-06,109.59,0.11717291702019339
2020-06-07,109.59,0.11717291702019339
2020-06-08,109.645,0.11810622772781243
2020-06-09,108.415,0.09723400644832858
2020-06-10,107.795,0.08671304938062097
2020-06-11,106.985,0.07296792805022889
2020-06-12,106.805,0.06991345664347537
2020-06-13,107.375,0.07958594943152875
2020-06-14,107.375,0.07958594943152875
2020-06-15,107.305,0.07839809944001352
2020-06-16,107.485,0.08145257084676727
2020-06-17,107.405,0.08009502799932111
2020-06-18,106.88,0.07118615306295584
2020-06-19,107.015,0.07347700661802126
2020-06-20,106.885,0.07127099949092153
2020-06-21,106.885,0.07127099949092153
2020-06-22,106.835,0.07042253521126751
2020-06-23,106.905,0.07161038520278296
2020-06-24,106.43,0.0635499745460717
2020-06-25,107.045,0.07398608518581362
2020-06-26,107.165,0.07602239945698286
2020-06-27,107.22,0.0769557101646019
2020-06-28,107.22,0.0769557101646019
2020-06-29,107.215,0.07687086373663665
2020-06-30,107.59,0.08323434583404032
2020-07-01,107.995,0.09010690649923636
2020-07-02,107.375,0.07958594943152875
2020-07-03,107.495,0.0816222637026982
2020-07-04,107.51,0.08187680298659417
2020-07-05,107.51,0.08187680298659417
2020-07-06,107.585,0.08314949940607486
2020-07-07,107.36,0.07933141014763279
2020-07-08,107.57,0.08289496012217867
2020-07-09,107.285,0.07805871372815187
2020-07-10,107.235,0.07721024944849808
2020-07-11,106.91,0.0716952316307482
2020-07-12,106.91,0.0716952316307482
2020-07-13,106.915,0.07178007805871367
2020-07-14,107.275,0.07788902087222138
2020-07-15,107.245,0.07737994230442902
2020-07-16,106.905,0.07161038520278296
2020-07-17,107.285,0.07805871372815187
2020-07-18,107.04,0.07390123875784838
2020-07-19,107.04,0.07390123875784838
2020-07-20,107.095,0.07483454946546741
2020-07-21,107.185,0.07636178516884429
2020-07-22,106.835,0.07042253521126751
2020-07-23,107.175,0.07619209231291357
2020-07-24,106.845,0.07059222806719823
2020-07-25,106.155,0.05888342100797539
2020-07-26,106.155,0.05888342100797539
2020-07-27,105.995,0.056168335313083295
2020-07-28,105.275,0.043950449686068316
2020-07-29,105.115,0.04123536399117578
2020-07-30,105.045,0.040047513999660556
2020-07-31,104.695,0.03410826404208356
2020-08-01,105.885,0.054301713897844994
2020-08-02,105.885,0.054301713897844994
2020-08-03,105.855,0.05379263533005263
2020-08-04,106.03,0.056762260308840906
2020-08-05,105.615,0.049720006787714155
2020-08-06,105.555,0.04870184965212965
2020-08-07,105.585,0.04921092821992179
2020-08-08,105.925,0.05498048532156785
2020-08-09,105.925,0.05498048532156785
2020-08-10,105.865,0.05396232818598312
2020-08-11,105.995,0.056168335313083295
2020-08-12,106.525,0.06516205667741382
2020-08-13,106.835,0.07042253521126751
2020-08-14,106.995,0.07313762090615983
2020-08-15,106.595,0.06634990666892904
2020-08-16,106.595,0.06634990666892904
2020-08-17,106.555,0.06567113524520618
2020-08-18,106.005,0.05633802816901401
2020-08-19,105.215,0.042932292550483586
2020-08-20,106.095,0.05786526387239088
2020-08-21,105.665,0.05056847106736817
2020-08-22,105.805,0.052944171050398836
2020-08-23,105.805,0.052944171050398836
2020-08-24,105.885,0.054301713897844994
2020-08-25,105.995,0.056168335313083295
2020-08-26,106.4,0.06304089597827933
2020-08-27,105.875,0.05413202104191406
2020-08-28,106.645,0.06719837094858283
2020-08-29,105.355,0.04530799253351425
2020-08-30,105.355,0.04530799253351425
2020-08-31,105.525,0.04819277108433728
2020-09-01,106.005,0.05633802816901401
2020-09-02,105.895,0.054471406753775486
2020-09-03,106.205,0.05973188528762918
2020-09-04,106.095,0.05786526387239088
2020-09-05,106.245,0.060410656711352484
2020-09-06,106.245,0.060410656711352484
2020-09-07,106.32,0.06168335313083295
2020-09-08,106.305,0.06142881384693699
2020-09-09,105.975,0.055828949601221645
2020-09-10,106.235,0.06024096385542155
2020-09-11,106.145,0.058713728152044675
2020-09-12,106.175,0.05922280671983704
2020-09-13,106.175,0.05922280671983704
2020-09-14,106.155,0.05888342100797539
2020-09-15,105.715,0.051416935347021964
2020-09-16,105.39,0.04590191752927186
2020-09-17,105.065,0.040386899711521984
2020-09-18,104.705,0.034277956898014494
2020-09-19,104.565,0.03190225691498383
2020-09-20,104.565,0.03190225691498383
2020-09-21,104.54,0.03147802477515693
2020-09-22,104.695,0.03410826404208356
2020-09-23,105.035,0.03987782114372962
2020-09-24,105.315,0.04462922110979117
2020-09-25,105.435,0.04666553538096041
2020-09-26,105.565,0.04887154250806036
2020-09-27,105.565,0.04887154250806036
2020-09-28,105.585,0.04921092821992179
2020-09-29,105.435,0.04666553538096041
2020-09-30,105.675,0.05073816392329866
2020-10-01,105.445,0.046835228236891124
2020-10-02,105.55,0.04861700322416418
2020-10-03,105.365,0.045477685389444966
2020-10-04,105.365,0.045477685389444966
2020-10-05,105.51,0.0479382318004411
2020-10-06,105.715,0.051416935347021964
2020-10-07,105.645,0.0502290853555063
2020-10-08,105.975,0.055828949601221645
2020-10-09,106.025,0.05667741388087566
2020-10-10,105.615,0.049720006787714155
2020-10-11,105.615,0.049720006787714155
2020-10-12,105.64,0.05014423892754105
2020-10-13,105.34,0.04505345324961807
2020-10-14,105.465,0.047174613948752775
2020-10-15,105.145,0.04174444255896814
2020-10-16,105.355,0.04530799253351425
2020-10-17,105.405,0.046156456813168045
2020-10-18,105.405,0.046156456813168045
2020-10-19,105.43,0.046580688952995164
2020-10-20,105.465,0.047174613948752775
2020-10-21,105.48,0.04742915323264896
2020-10-22,104.685,0.033938571186153066
2020-10-23,104.905,0.03767181401662989
2020-10-24,104.695,0.03410826404208356
2020-10-25,104.695,0.03410826404208356
2020-10-26,104.71,0.03436280332597974
2020-10-27,104.835,0.036483964025114446
2020-10-28,104.555,0.031732564059053114
2020-10-29,104.325,0.027829628372645576
2020-10-30,104.55,0.031647717631087646
2020-10-31,104.675,0.03376887833022213
2020-11-01,104.675,0.03376887833022213
2020-11-02,104.585,0.03224164262684526
2020-11-03,104.725,0.03461734260987592
2020-11-04,104.555,0.031732564059053114
2020-11-05,104.425,0.02952655693195294
2020-11-06,103.615,0.01578143560156109
2020-11-07,103.365,0.0115391142032919
2020-11-08,103.365,0.0115391142032919
2020-11-09,103.255,0.009672492788053377
2020-11-10,105.135,0.04157474970303743
2020-11-11,105.265,0.04378075683013738
2020-11-12,105.405,0.046156456813168045
2020-11-13,105.095,0.04089597827931435
2020-11-14,104.615,0.03275072119463762
2020-11-15,104.615,0.03275072119463762
2020-11-16,104.665,0.03359918547429164
2020-11-17,104.535,0.031393178347191464
2020-11-18,104.185,0.02545392838961469
2020-11-19,103.895,0.02053283556762242
2020-11-20,103.815,0.019175292720176262
2020-11-21,103.855,0.019854064143899564
2020-11-22,103.855,0.019854064143899564
2020-11-23,103.815,0.019175292720176262
2020-11-24,104.535,0.031393178347191464
2020-11-25,104.515,0.031053792635330035
2020-11-26,104.405,0.029187171220091512
2020-11-27,104.255,0.02664177838112991
2020-11-28,104.085,0.02375699983030688
2020-11-29,104.085,0.02375699983030688
2020-11-30,104.085,0.02375699983030688
2020-12-01,104.305,0.027490242660783926
2020-12-02,104.305,0.027490242660783926
2020-12-03,104.465,0.030205328355676242
2020-12-04,103.825,0.0193449855761072
2020-12-05,104.185,0.02545392838961469
2020-12-06,104.185,0.02545392838961469
2020-12-07,104.205,0.025793314101476117
2020-12-08,104.01,0.02248430341082641
2020-12-09,104.145,0.02477515696589161
2020-12-10,104.275,0.026981164092991783
2020-12-11,104.19,0.025538774817580157
2020-12-12,104.025,0.022738842694722594
2020-12-13,104.025,0.022738842694722594
2020-12-14,103.955,0.02155099270320715
2020-12-15,104.015,0.022569149838791658
2020-12-16,103.64,0.016205667741387986
2020-12-17,103.475,0.013405735618530201
2020-12-18,103.145,0.007805871372815076
2020-12-19,103.305,0.010520957067707393
2020-12-20,103.305,0.010520957067707393
2020-12-21,103.475,0.013405735618530201
2020-12-22,103.335,0.011030035635499535
2020-12-23,103.52,0.014169353470218748
2020-12-24,103.535,0.014423892754114931
2020-12-25,103.655,0.016460207025284168
2020-12-26,103.495,0.013745121330392074
2020-12-27,103.495,0.013745121330392074
2020-12-28,103.535,0.014423892754114931
2020-12-29,103.695,0.017138978449007025
2020-12-30,103.555,0.014763278465976581
2020-12-31,103.125,0.007466485660953648
2021-01-01,103.205,0.008824028508399584
2021-01-02,103.205,0.008824028508399584
2021-01-03,103.205,0.008824028508399584
2021-01-04,103.245,0.009502799932122885
2021-01-05,103.135,0.007636178516884362
2021-01-06,102.685,0.0
2021-01-07,103.03,0.005854403529611307
2021-01-08,103.795,0.018835907008314834
2021-01-09,103.96,0.021635839131172396
2021-01-10,103.96,0.021635839131172396
2021-01-11,104.095,0.023926692686237816
2021-01-12,104.145,0.02477515696589161
2021-01-13,103.75,0.01807228915662651
2021-01-14,103.835,0.019514678432037913
2021-01-15,103.825,0.0193449855761072
2021-01-16,103.875,0.020193449855760992
2021-01-17,103.875,0.020193449855760992
2021-01-18,103.92,0.02095706770744954
2021-01-19,103.712,0.017427456304089484
2021-01-20,103.905,0.020702528423553357
2021-01-21,103.555,0.014763278465976581
2021-01-22,103.515,0.014084507042253502
2021-01-23,103.775,0.018496521296453405
2021-01-24,103.775,0.018496521296453405
2021-01-25,103.785,0.01866621415238412
2021-01-26,103.77,0.018411674868487937
2021-01-27,103.605,0.015611742745630375
2021-01-28,104.155,0.024944849821822546
2021-01-29,104.295,0.02732054980485321
2021-01-30,104.715,0.03444764975394543
2021-01-31,104.715,0.03444764975394543
2021-02-01,104.715,0.03444764975394543
2021-02-02,104.885,0.03733242830476846
2021-02-03,105.035,0.03987782114372962
2021-02-04,104.995,0.03919904972000676
2021-02-05,105.575,0.049041235363991076
2021-02-06,105.365,0.045477685389444966
2021-02-07,105.365,0.045477685389444966
2021-02-08,105.405,0.046156456813168045
2021-02-09,105.215,0.042932292550483586
2021-02-10,104.585,0.03224164262684526
2021-02-11,104.625,0.032920414050568336
2021-02-12,104.745,0.034956728321737573
2021-02-13,104.925,0.03801119972849132
2021-02-14,104.925,0.03801119972849132
2021-02-15,105.065,0.040386899711521984
2021-02-16,105.375,0.04564737824537568
2021-02-17,106.125,0.05837434244018325
2021-02-18,105.865,0.05396232818598312
2021-02-19,105.655,0.050398778211437234
2021-02-20,105.425,0.046495842525029474
2021-02-21,105.425,0.046495842525029474
2021-02-22,105.515,0.04802307822840657
2021-02-23,105.005,0.039368742575937477
2021-02-24,105.285,0.04412014254199881
2021-02-25,105.955,0.055489563889360216
2021-02-26,106.38,0.06270151026641768
2021-02-27,106.555,0.06567113524520618
2021-02-28,106.555,0.06567113524520618
2021-03-01,106.505,0.06482267096555216
2021-03-02,106.855,0.07076192092312916
2021-03-03,106.755,0.06906499236382135
2021-03-04,107.065,0.07432547089767505
2021-03-05,107.96,0.08951298150347853
2021-03-06,108.385,0.09672492788053622
2021-03-07,108.385,0.09672492788053622
2021-03-08,108.415,0.09723400644832858
2021-03-09,108.935,0.10605803495672816
2021-03-10,108.575,0.09994909214322067
2021-03-11,108.435,0.09757339216019001
2021-03-12,108.58,0.10003393857118614
2021-03-13,109.025,0.10758527066010526
2021-03-14,109.025,0.10758527066010526
2021-03-15,109.125,0.10928219921941285
2021-03-16,109.13,0.10936704564737809
2021-03-17,109.035,0.10775496351603575
2021-03-18,108.895,0.10537926353300509
2021-03-19,108.945,0.10622772781265888
2021-03-20,108.89,0.10529441710503984
2021-03-21,108.89,0.10529441710503984
2021-03-22,108.865,0.10487018496521272
2021-03-23,108.785,0.10351264211776678
2021-03-24,108.53,0.09918547429153235
2021-03-25,108.785,0.10351264211776678
2021-03-26,109.18,0.11021550992703211
2021-03-27,109.68,0.11870015272357026
2021-03-28,109.68,0.11870015272357026
2021-03-29,109.795,0.12065162056677403
2021-03-30,109.855,0.12166977770235876
2021-03-31,110.325,0.12964534193110455
2021-04-01,110.77,0.13719667402002367
2021-04-02,110.615,0.13456643475309682
2021-04-03,110.695,0.13592397760054276
2021-04-04,110.695,0.13592397760054276
2021-04-05,110.685,0.13575428474461226
2021-04-06,110.185,0.12726964194807389
2021-04-07,109.775,0.1203122348549126
2021-04-08,109.855,0.12166977770235876
2021-04-09,109.325,0.11267605633802802
2021-04-10,109.67,0.11853045986763955
2021-04-11,109.67,0.11853045986763955
2021-04-12,109.715,0.11929407771932787
2021-04-13,109.375,0.11352452061768181
2021-04-14,108.925,0.10588834210079745
2021-04-15,108.875,0.10503987782114366
2021-04-16,108.695,0.10198540641438969
2021-04-17,108.795,0.1036823349736975
2021-04-18,108.795,0.1036823349736975
2021-04-19,108.725,0.10249448498218205
2021-04-20,108.105,0.09197352791447488
2021-04-21,108.115,0.09214322077040538
2021-04-22,108.035,0.09078567792295922
2021-04-23,107.985,0.08993721364330542
2021-04-24,107.865,0.08790089937213619
2021-04-25,107.865,0.08790089937213619
2021-04-26,107.89,0.0883251315119633
2021-04-27,108.195,0.09350076361785153
2021-04-28,108.755,0.10300356354997442
2021-04-29,108.52,0.09901578143560141
2021-04-30,108.895,0.10537926353300509
2021-05-01,109.325,0.11267605633802802
2021-05-02,109.325,0.11267605633802802
2021-05-03,109.29,0.11208213134227041
2021-05-04,109.09,0.10868827422365523
2021-05-05,109.335,0.11284574919395873
2021-05-06,109.225,0.11097912777872043
2021-05-07,109.055,0.10809434922789762
2021-05-08,108.595,0.1002884778550821
2021-05-09,108.595,0.1002884778550821
2021-05-10,108.56,0.09969455285932449
2021-05-11,108.845,0.10453079925335129
2021-05-12,108.72,0.10240963855421681
2021-05-13,109.655,0.11827592058374337
2021-05-14,109.52,0.11598506702867795
2021-05-15,109.345,0.11301544204988967
2021-05-16,109.345,0.11301544204988967
2021-05-17,109.405,0.11403359918547418
2021-05-18,109.225,0.11097912777872043
2021-05-19,108.87,0.10495503139317841
2021-05-20,109.275,0.11182759205837445
2021-05-21,108.855,0.10470049210928223
2021-05-22,108.95,0.10631257424062435
2021-05-23,108.95,0.10631257424062435
2021-05-24,108.925,0.10588834210079745
2021-05-25,108.855,0.10470049210928223
2021-05-26,108.795,0.1036823349736975
2021-05-27,109.165,0.10996097064313592
2021-05-28,109.81,0.12090615985067021
2021-05-29,109.835,0.12133039199049711
2021-05-30,109.835,0.12133039199049711
2021-05-31,109.925,0.12285762769387398
2021-06-01,109.5,0.11564568131681652
2021-06-02,109.495,0.11556083488885127
2021-06-03,109.6,0.1173426098761241
2021-06-04,110.295,0.1291362633633124
2021-06-05,109.53,0.11615475988460888
2021-06-06,109.53,0.11615475988460888
2021-06-07,109.61,0.11751230273205482
2021-06-08,109.275,0.11182759205837445
2021-06-09,109.47,0.11513660274902415
2021-06-10,109.615,0.11759714916002029
2021-06-11,109.405,0.11403359918547418
2021-06-12,109.69,0.11886984557950098
2021-06-13,109.69,0.11886984557950098
2021-06-14,109.72,0.11937892414729334
2021-06-15,110.035,0.12472424910911228
2021-06-16,110.085,0.12557271338876608
2021-06-17,110.775,0.13728152044798914
2021-06-18,110.325,0.12964534193110455
2021-06-19,110.23,0.12803325979976243
2021-06-20,110.23,0.12803325979976243
2021-06-21,110.185,0.12726964194807389
2021-06-22,110.375,0.13049380621075835
2021-06-23,110.65,0.13516035974885465
2021-06-24,111.005,0.14118445613439667
2021-06-25,110.925,0.13982691328695052
2021-06-26,110.785,0.13745121330391985
2021-06-27,110.785,0.13745121330391985
2021-06-28,110.805,0.1377905990157815
2021-06-29,110.61,0.13448158832513135
2021-06-30,110.545,0.13337858476158138
2021-07-01,111.13,0.14330561683353116
2021-07-02,111.57,0.1507721024944848
2021-07-03,111.015,0.1413541489903274
2021-07-04,111.015,0.1413541489903274
2021-07-05,111.14,0.1434753096894621
2021-07-06,110.925,0.13982691328695052
2021-07-07,110.6,0.13431189546920064
2021-07-08,110.63,0.13482097403699278
2021-07-09,109.805,0.12082131342270497
2021-07-10,110.125,0.12625148481248938
2021-07-11,110.125,0.12625148481248938
2021-07-12,110.225,0.12794841337179697
2021-07-13,110.335,0.12981503478703527
2021-07-14,110.6,0.13431189546920064
2021-07-15,109.99,0.12396063125742396
2021-07-16,109.775,0.1203122348549126
2021-07-17,110.075,0.12540302053283559
2021-07-18,110.075,0.12540302053283559
2021-07-19,109.885,0.12217885627015113
2021-07-20,109.535,0.11623960631257413
2021-07-21,109.92,0.12277278126590874
2021-07-22,110.25,0.12837264551162386
2021-07-23,110.135,0.1264211776684201
2021-07-24,110.555,0.1335482776175123
2021-07-25,110.555,0.1335482776175123
2021-07-26,110.565,0.13371797047344303
2021-07-27,110.315,0.12947564907517384
2021-07-28,109.805,0.12082131342270497
2021-07-29,109.89,0.12226370269811637
2021-07-30,109.415,0.11420329204140511
2021-07-31,109.685,0.11878499915153573
2021-08-01,109.685,0.11878499915153573
2021-08-02,109.715,0.11929407771932787
2021-08-03,109.275,0.11182759205837445
2021-08-04,108.995,0.1070761920923129
2021-08-05,109.53,0.11615475988460888
2021-08-06,109.76,0.12005769557101642
2021-08-07,110.225,0.12794841337179697
2021-08-08,110.225,0.12794841337179697
2021-08-09,110.265,0.12862718479552004
2021-08-10,110.315,0.12947564907517384
2021-08-11,110.595,0.13422704904123517
2021-08-12,110.375,0.13049380621075835
2021-08-13,110.405,0.1310028847785507
2021-08-14,109.605,0.11742745630408957
2021-08-15,109.605,0.11742745630408957
2021-08-16,109.635,0.11793653487188194
2021-08-17,109.305,0.11233667062616659
2021-08-18,109.545,0.11640929916850484
2021-08-19,109.845,0.12150008484642782
2021-08-20,109.77,0.12022738842694713
2021-08-21,109.785,0.12048192771084332
2021-08-22,109.785,0.12048192771084332
2021-08-23,109.845,0.12150008484642782
2021-08-24,109.67,0.11853045986763955
2021-08-25,109.725,0.11946377057525859
2021-08-26,109.975,0.12370609197352778
2021-08-27,110.065,0.12523332767690465
2021-08-28,109.845,0.12150008484642782
2021-08-29,109.845,0.12150008484642782
2021-08-30,109.865,0.12183947055828925
2021-08-31,109.965,0.12353639911759706
2021-09-01,110.065,0.12523332767690465
2021-09-02,110.095,0.125742406244697
2021-09-03,109.95,0.12328185983370088
2021-09-04,109.705,0.11912438486339716
2021-09-05,109.705,0.11912438486339716
2021-09-06,109.775,0.1203122348549126
2021-09-07,109.825,0.1211606991345664
2021-09-08,110.3,0.12922110979127766
2021-09-09,110.225,0.12794841337179697
2021-09-10,109.785,0.12048192771084332
2021-09-11,109.915,0.12268793483794327
2021-09-12,109.915,0.12268793483794327
2021-09-13,109.925,0.12285762769387398
2021-09-14,109.995,0.12404547768538943
2021-09-15,109.725,0.11946377057525859
2021-09-16,109.385,0.11369421347361275
2021-09-17,109.7,0.11903953843543191
2021-09-18,109.995,0.12404547768538943
2021-09-19,109.995,0.12404547768538943
2021-09-20,109.985,0.12387578482945849
2021-09-21,109.43,0.1144578313253013
2021-09-22,109.155,0.10979127778720499
2021-09-23,109.825,0.1211606991345664
2021-09-24,110.335,0.12981503478703527
2021-09-25,110.74,0.1366875954522313
2021-09-26,110.74,0.1366875954522313
2021-09-27,110.775,0.13728152044798914
2021-09-28,110.97,0.14059053113863884
2021-09-29,111.535,0.1501781774987272
2021-09-30,111.945,0.15713558459188848
2021-10-01,111.465,0.14899032750721197
2021-10-02,111.07,0.14228745969794643
2021-10-03,111.07,0.14228745969794643
2021-10-04,110.945,0.14016629899881194
2021-10-05,110.965,0.1405056847106736
2021-10-06,111.485,0.1493297132190734
2021-10-07,111.405,0.14797217037162724
2021-10-08,111.665,0.15238418462582737
2021-10-09,112.245,0.16222637026981168
2021-10-10,112.245,0.16222637026981168
2021-10-11,112.265,0.1625657559816731
2021-10-12,113.395,0.1817410487018496
2021-10-13,113.545,0.18428644154081097
2021-10-14,113.305,0.18021381299847272
2021-10-15,113.855,0.1895469200746649
2021-10-16,114.275,0.1966740200237569
2021-10-17,114.275,0.1966740200237569
2021-10-18,114.335,0.1976921771593414
2021-10-19,114.295,0.19701340573561854
2021-10-20,114.545,0.2012557271338875
2021-10-21,114.395,0.1987103342949259
2021-10-22,113.845,0.18937722721873396
2021-10-23,113.475,0.18309859154929553
2021-10-24,113.475,0.18309859154929553
2021-10-25,113.675,0.18649244866791093
2021-10-26,113.77,0.18810453079925327
2021-10-27,114.185,0.19514678432038002
2021-10-28,113.775,0.18818937722721873
2021-10-29,113.61,0.18538944510436095
2021-10-30,114.025,0.19243169862548792
2021-10-31,114.025,0.19243169862548792
2021-11-01,114.245,0.19616494145596475
2021-11-02,114.095,0.19361954861700315
2021-11-03,113.975,0.1915832343458339
2021-11-04,114.08,0.19336500933310696
2021-11-05,113.845,0.18937722721873396
2021-11-06,113.395,0.1817410487018496
2021-11-07,113.395,0.1817410487018496
2021-11-08,113.47,0.18301374512133028
2021-11-09,113.26,0.1794501951467844
2021-11-10,112.92,0.17368063804513834
2021-11-11,113.9,0.19031053792635322
2021-11-12,114.045,0.19277108433734935
2021-11-13,113.905,0.1903953843543187
2021-11-14,113.905,0.1903953843543187
2021-11-15,113.995,0.19192262005769556
2021-11-16,114.135,0.19429832004072622
2021-11-17,114.91,0.20744951637536047
2021-11-18,114.185,0.19514678432038002
2021-11-19,114.285,0.1968437128796876
2021-11-20,114.03,0.19251654505345317
2021-11-21,114.03,0.19251654505345317
2021-11-22,114.125,0.1941286271847955
2021-11-23,114.805,0.20566774138808763
2021-11-24,115.175,0.21194637705752584
2021-11-25,115.42,0.21610385202782956
2021-11-26,115.045,0.20974036993042589
2021-11-27,113.305,0.18021381299847272
2021-11-28,113.305,0.18021381299847272
2021-11-29,113.735,0.18751060580349566
2021-11-30,113.795,0.18852876293908016
2021-12-01,113.275,0.17970473443068036
2021-12-02,112.88,0.17300186662141503
2021-12-03,113.005,0.17512302732054974
2021-12-04,112.82,0.17198370948583053
2021-12-05,112.82,0.17198370948583053
2021-12-06,113.045,0.17580179874427282
2021-12-07,113.465,0.18292889869336504
2021-12-08,113.535,0.18411674868488026
2021-12-09,113.685,0.18666214152384186
2021-12-10,113.445,0.18258951298150317
2021-12-11,113.38,0.1814865094179534
2021-12-12,113.38,0.1814865094179534
2021-12-13,113.505,0.1836076701170879
2021-12-14,113.58,0.18488036653656859
2021-12-15,113.745,0.18768029865942637
2021-12-16,114.145,0.19446801289665694
2021-12-17,113.665,0.1863227558119802
2021-12-18,113.715,0.187171220091634
2021-12-19,113.715,0.187171220091634
2021-12-20,113.525,0.18394705582894955
2021-12-21,113.665,0.1863227558119802
2021-12-22,113.995,0.19192262005769556
2021-12-23,114.135,0.19429832004072622
2021-12-24,114.465,0.19989818428644157
2021-12-25,114.395,0.1987103342949259
2021-12-26,114.395,0.1987103342949259
2021-12-27,114.34,0.19777702358730687
2021-12-28,114.815,0.20583743424401812
2021-12-29,114.775,0.20515866282029527
2021-12-30,114.955,0.208213134227049
2021-12-31,115.065,0.2100797556422873
2022-01-01,115.105,0.2107585270660104
2022-01-02,115.105,0.2107585270660104
2022-01-03,115.145,0.21143729848973347
2022-01-04,115.335,0.21466146275241793
2022-01-05,116.175,0.22891566265060215
2022-01-06,116.135,0.2282368912268793
2022-01-07,115.875,0.2238248769726794
2022-01-08,115.525,0.2178856270151026
2022-01-09,115.525,0.2178856270151026
2022-01-10,115.625,0.2195825555744102
2022-01-11,115.285,0.21381299847276414
2022-01-12,115.325,0.21449176989648722
2022-01-13,114.675,0.20346173426098746
2022-01-14,114.115,0.19395893432886457
2022-01-15,114.195,0.19531647717631073
2022-01-16,114.195,0.19531647717631073
2022-01-17,114.305,0.19718309859154926
2022-01-18,114.57,0.2016799592737144
2022-01-19,114.565,0.20159511284574916
2022-01-20,114.35,0.19794671644323758
2022-01-21,113.99,0.1918377736297301
2022-01-22,113.685,0.18666214152384186
2022-01-23,113.685,0.18666214152384186
2022-01-24,113.795,0.18852876293908016
2022-01-25,114.015,0.192262005769557
2022-01-26,113.895,0.19022569149838775
2022-01-27,114.725,0.20431019854064125
2022-01-28,115.355,0.21500084846427958
2022-01-29,115.235,0.21296453419311034
2022-01-30,115.235,0.21296453419311034
2022-01-31,115.275,0.21364330561683342
2022-02-01,115.13,0.2111827592058373
2022-02-02,114.735,0.2044798913965722
2022-02-03,114.375,0.19837094858306448
2022-02-04,114.965,0.20838282708297973
2022-02-05,115.21,0.21254030205328345
2022-02-06,115.21,0.21254030205328345
2022-02-07,115.235,0.21296453419311034
2022-02-08,115.065,0.2100797556422873
2022-02-09,115.545,0.21822501272696404
2022-02-10,115.595,0.21907347700661783
2022-02-11,116.045,0.22670965552350242
2022-02-12,115.475,0.2170371627354486
2022-02-13,115.475,0.2170371627354486
2022-02-14,115.585,0.21890378415068712
2022-02-15,115.535,0.21805531987103333
2022-02-16,115.64,0.21983709485830638
2022-02-17,115.395,0.21567961988800244
2022-02-18,114.87,0.2067707449516376
2022-02-19,115.035,0.20957067707449495
2022-02-20,115.035,0.20957067707449495
2022-02-21,114.965,0.20838282708297973
2022-02-22,114.615,0.20244357712540273
2022-02-23,115.095,0.21058883421007968
2022-02-24,114.895,0.20719497709146428
2022-02-25,115.575,0.2187340912947564
2022-02-26,115.525,0.2178856270151026
2022-02-27,115.525,0.2178856270151026
2022-02-28,115.575,0.2187340912947564
2022-03-01,115.085,0.21041914135414874
2022-03-02,114.845,0.2063465128118105
2022-03-03,115.515,0.2177159341591719
2022-03-04,115.485,0.21720685559137953
2022-03-05,114.89,0.20711013066349904
2022-03-06,114.89,0.20711013066349904
2022-03-07,114.955,0.208213134227049
2022-03-08,115.375,0.215340234176141
2022-03-09,115.725,0.22127948413371779
2022-03-10,115.905,0.22433395554047175
2022-03-11,116.185,0.22908535550653308
2022-03-12,117.29,0.24783641608688267
2022-03-13,117.29,0.24783641608688267
2022-03-14,117.525,0.2518241982012557
2022-03-15,118.225,0.26370269811640923
2022-03-16,118.295,0.26489054810792445
2022-03-17,118.885,0.2749024266078399
2022-03-18,118.475,0.2679450195146782
2022-03-19,119.145,0.2793144408620394
2022-03-20,119.145,0.2793144408620394
2022-03-21,119.265,0.28135075513320884
2022-03-22,119.605,0.2871203122348549
2022-03-23,121.355,0.316816562022739
2022-03-24,121.135,0.31308331919226196
2022-03-25,122.355,0.3337858476158153
2022-03-26,122.125,0.3298829119294078
2022-03-27,122.125,0.3298829119294078
2022-03-28,122.265,0.3322586119124382
2022-03-29,123.635,0.3555065331749534
2022-03-30,123.125,0.3468521975224841
2022-03-31,122.035,0.3283556762260307
2022-04-01,121.755,0.32360427625996935
2022-04-02,122.595,0.3378584761581538
2022-04-03,122.595,0.3378584761581538
2022-04-04,122.625,0.3383675547259457
2022-04-05,122.805,0.3414220261326999
2022-04-06,123.665,0.35601561174274576
2022-04-07,123.745,0.3573731545901919
2022-04-08,124.105,0.3634820974036994
2022-04-09,124.285,0.3665365688104527
2022-04-10,124.285,0.3665365688104527
2022-04-11,124.385,0.36823349736976074
2022-04-12,125.475,0.38673001866621415
2022-04-13,125.415,0.3857118615306294
2022-04-14,125.365,0.3848633972509756
2022-04-15,126.195,0.3989479042932291
2022-04-16,126.36,0.4017478364160867
2022-04-17,126.36,0.4017478364160867
2022-04-18,126.615,0.40607500424232135
2022-04-19,127.105,0.4143899541829288
2022-04-20,129.335,0.4522314610554894
2022-04-21,127.995,0.429492618360767
2022-04-22,128.425,0.4367894111657902
2022-04-23,128.525,0.43848633972509776
2022-04-24,128.525,0.43848633972509776
2022-04-25,128.605,0.4398438825725435
2022-04-26,127.745,0.4252502969624976
2022-04-27,127.275,0.41727473273375204
2022-04-28,128.435,0.43695910402172067
2022-04-29,130.795,0.4770066180213808
2022-04-30,129.885,0.46156456813168156
2022-05-01,129.885,0.46156456813168156
2022-05-02,130.025,0.46394026811471245
2022-05-03,130.095,0.4651281181062277
2022-05-04,130.125,0.46563719667402004
2022-05-05,129.205,0.4500254539283899
2022-05-06,130.345,0.46937043950449664
2022-05-07,130.545,0.4727642966231118
2022-05-08,130.545,0.4727642966231118
2022-05-09,130.755,0.4763278465976579
2022-05-10,130.375,0.469879518072289
2022-05-11,130.365,0.4697098252163585
2022-05-12,129.865,0.46122518241982013
2022-05-13,128.595,0.439674189716613
2022-05-14,129.265,0.4510436110639737
2022-05-15,129.265,0.4510436110639737
2022-05-16,129.415,0.45358900390293555
2022-05-17,128.935,0.44544374681825905
2022-05-18,129.455,0.45426777532665885
2022-05-19,127.925,0.42830476836925135
2022-05-20,127.835,0.4267775326658747
2022-05-21,127.905,0.4279653826573899
2022-05-22,127.905,0.4279653826573899
2022-05-23,127.895,0.427795689801459
2022-05-24,127.845,0.4269472255218052
2022-05-25,126.735,0.40811131851349036
2022-05-26,127.155,0.4152384184625826
2022-05-27,127.095,0.41422026132699785
2022-05-28,127.12,0.41464449346682497
2022-05-29,127.12,0.41464449346682497
2022-05-30,127.275,0.41727473273375204
2022-05-31,127.795,0.4260987612421514
2022-06-01,128.725,0.4418801968437125
2022-06-02,130.125,0.46563719667402004
2022-06-03,129.935,0.46241303241133536
2022-06-04,130.825,0.47751569658917314
2022-06-05,130.825,0.47751569658917314
2022-06-06,130.735,0.47598846088579694
2022-06-07,132.175,0.5004242321398269
2022-06-08,132.825,0.5114542677753262
2022-06-09,134.44,0.5388596640081451
2022-06-10,134.405,0.5382657390123875
2022-06-11,134.425,0.5386051247242494
2022-06-12,134.425,0.5386051247242494
2022-06-13,134.825,0.5453928389614793
2022-06-14,134.235,0.5353809604615647
2022-06-15,135.285,0.5531987103342948
2022-06-16,134.115,0.5333446461903952
2022-06-17,132.435,0.5048362463940268
2022-06-18,134.995,0.5482776175123025
2022-06-19,134.995,0.5482776175123025
2022-06-20,135.285,0.5531987103342948
2022-06-21,135.084,0.5497878839300865
2022-06-22,136.301,0.5704395044968604
2022-06-23,136.015,0.5655862888172403
2022-06-24,134.845,0.5457322246733411
2022-06-25,135.195,0.5516714746309177
2022-06-26,135.195,0.5516714746309177
2022-06-27,135.085,0.5498048532156796
2022-06-28,135.445,0.5559137960291871
2022-06-29,136.035,0.5659256745291021
2022-06-30,136.605,0.5755981673171557
2022-07-01,135.785,0.5616833531308332
2022-07-02,135.205,0.5518411674868491
2022-07-03,135.205,0.5518411674868491
2022-07-04,135.025,0.5487866960800949
2022-07-05,135.855,0.5628712031223484
2022-07-06,135.525,0.5572713388766333
2022-07-07,135.965,0.5647378245375869
2022-07-08,135.915,0.5638893602579327
2022-07-09,136.07,0.5665195995248598
2022-07-10,136.07,0.5665195995248598
2022-07-11,136.295,0.570337688783302
2022-07-12,137.405,0.5891735957916169
2022-07-13,136.735,0.5778041744442561
2022-07-14,137.635,0.5930765314780244
2022-07-15,138.975,0.6158153741727472
2022-07-16,138.475,0.6073307313762089
2022-07-17,138.475,0.6073307313762089
2022-07-18,138.325,0.604785338537247
2022-07-19,138.245,0.6034277956898013
2022-07-20,138.195,0.6025793314101475
2022-07-21,138.405,0.6061428813846936
2022-07-22,137.095,0.5839131172577632
2022-07-23,136.09,0.5668589852367216
2022-07-24,136.09,0.5668589852367216
2022-07-25,136.305,0.570507381639233
2022-07-26,136.415,0.5723740030544711
2022-07-27,136.975,0.5818768029865942
2022-07-28,136.115,0.5672832173765483
2022-07-29,134.415,0.538435431868318
2022-07-30,133.225,0.518241982012557
2022-07-31,133.225,0.518241982012557
2022-08-01,133.365,0.5206176819955879
2022-08-02,131.545,0.48973358221618857
2022-08-03,133.365,0.5206176819955879
2022-08-04,133.915,0.5299507890717796
2022-08-05,132.595,0.5075513320889191
2022-08-06,135.025,0.5487866960800949
2022-08-07,135.025,0.5487866960800949
2022-08-08,135.075,0.5496351603597487
2022-08-09,134.84,0.5456473782453759
2022-08-10,135.175,0.5513320889190567
2022-08-11,132.825,0.5114542677753262
2022-08-12,132.995,0.5143390463261495
2022-08-13,133.505,0.5229933819786183
2022-08-14,133.505,0.5229933819786183
2022-08-15,133.305,0.5195995248600032
2022-08-16,133.155,0.5170541320210418
2022-08-17,134.285,0.536229424741218
2022-08-18,134.965,0.5477685389445102
2022-08-19,135.805,0.5620227388426946
2022-08-20,136.93,0.5811131851349056
2022-08-21,136.93,0.5811131851349056
2022-08-22,137.035,0.5828949601221785
2022-08-23,137.565,0.5918886814865092
2022-08-24,136.745,0.5779738673001866
2022-08-25,137.075,0.5835737315459018
2022-08-26,136.58,0.5751739351773291
2022-08-27,137.515,0.5910402172068554
2022-08-28,137.515,0.5910402172068554
2022-08-29,138.165,0.6020702528423552
2022-08-30,138.635,0.6100458170711012
2022-08-31,138.765,0.6122518241982007
2022-09-01,139.31,0.621500084846428
2022-09-02,140.075,0.6344815883251311
2022-09-03,140.215,0.636857288308162
2022-09-04,140.215,0.636857288308162
2022-09-05,140.495,0.6416086882742238
2022-09-06,140.43,0.6405056847106738
2022-09-07,143.155,0.6867469879518071
2022-09-08,144.13,0.7032920414050567
2022-09-09,143.885,0.6991345664347526
2022-09-10,142.585,0.6770744951637535
2022-09-11,142.585,0.6770744951637535
2022-09-12,142.59,0.6771593415917188
2022-09-13,142.595,0.677244188019684
2022-09-14,144.435,0.7084676735109452
2022-09-15,142.915,0.6826743594094686
2022-09-16,143.365,0.6903105379263532
2022-09-17,142.945,0.683183437977261
2022-09-18,142.945,0.683183437977261
2022-09-19,142.76,0.6800441201425416
2022-09-20,143.205,0.6875954522314609
2022-09-21,143.615,0.6945528593246226
2022-09-22,144.205,0.7045647378245377
2022-09-23,142.3,0.6722382487697269
2022-09-24,143.345,0.6899711522144918
2022-09-25,143.345,0.6899711522144918
2022-09-26,143.525,0.6930256236212455
2022-09-27,144.475,0.709146444934668
2022-09-28,144.715,0.7132190734770065
2022-09-29,144.41,0.7080434413711181
2022-09-30,144.445,0.7086373663668757
2022-10-01,144.755,0.7138978449007294
2022-10-02,144.755,0.7138978449007294
2022-10-03,144.805,0.7147463091803836
2022-10-04,144.525,0.7099949092143218
2022-10-05,143.845,0.6984557950110297
2022-10-06,144.445,0.7086373663668757
2022-10-07,145.045,0.7188189377227217
2022-10-08,145.415,0.7250975733921601
2022-10-09,145.415,0.7250975733921601
2022-10-10,145.485,0.7262854233836757
2022-10-11,145.675,0.72950958764636
2022-10-12,145.885,0.7330731376209056
2022-10-13,146.745,0.747666723230952
2022-10-14,147.295,0.7569998303071437
2022-10-15,148.765,0.781944680128966
2022-10-16,148.765,0.781944680128966
2022-10-17,148.645,0.7799083658577974
2022-10-18,148.975,0.7855082301035126
2022-10-19,149.225,0.7897505515017815
2022-10-20,149.83,0.8000169692855932
2022-10-21,150.185,0.806041065671135
2022-10-22,147.675,0.763448158832513
2022-10-23,147.675,0.763448158832513
2022-10-24,147.815,0.7658238588155435
2022-10-25,148.895,0.7841506872560664
2022-10-26,147.985,0.7687086373663667
2022-10-27,146.125,0.7371457661632446
2022-10-28,146.275,0.739691159002206
2022-10-29,147.465,0.7598846088579669
2022-10-30,147.465,0.7598846088579669
2022-10-31,147.795,0.7654844731036821
2022-11-01,148.735,0.7814356015611745
2022-11-02,147.885,0.7670117088070587
2022-11-03,147.875,0.7668420159511282
2022-11-04,148.385,0.7754963516035971
2022-11-05,146.67,0.746394026811471
2022-11-06,146.67,0.746394026811471
2022-11-07,146.825,0.7490242660783977
2022-11-08,146.635,0.7458001018157134
2022-11-09,145.29,0.7229764126930254
2022-11-10,146.195,0.7383336161547598
2022-11-11,141.685,0.6618021381299848
2022-11-12,138.785,0.6125912099100626
2022-11-13,138.785,0.6125912099100626
2022-11-14,139.615,0.6266757169523165
2022-11-15,140.115,0.6351603597488544
2022-11-16,138.875,0.6141184456134396
2022-11-17,139.315,0.6215849312743933
2022-11-18,140.41,0.640166298998812
2022-11-19,140.365,0.6394026811471238
2022-11-20,140.365,0.6394026811471238
2022-11-21,140.265,0.6377057525878158
2022-11-22,142.145,0.6696080095027999
2022-11-23,141.165,0.6529781096215845
2022-11-24,139.225,0.6200576955710162
2022-11-25,138.615,0.6097064313592397
2022-11-26,139.145,0.6187001527235705
2022-11-27,139.145,0.6187001527235705
2022-11-28,139.37,0.6225182419820123
2022-11-29,138.765,0.6122518241982007
2022-11-30,138.755,0.6120821313422702
2022-12-01,137.43,0.589597827931444
2022-12-02,135.15,0.5509078567792296
2022-12-03,134.31,0.5366536568810452
2022-12-04,134.31,0.5366536568810452
2022-12-05,134.455,0.5391142032920413
2022-12-06,136.615,0.5757678601730867
2022-12-07,136.885,0.5803495672832171
2022-12-08,136.375,0.5716952316307482
2022-12-09,136.625,0.5759375530290172
2022-12-10,136.605,0.5755981673171557
2022-12-11,136.605,0.5755981673171557
2022-12-12,136.735,0.5778041744442561
2022-12-13,137.5,0.5907856779229592
2022-12-14,135.59,0.5583743424401832
2022-12-15,135.365,0.554556253181741
2022-12-16,137.745,0.5949431528932629
2022-12-17,136.735,0.5778041744442561
2022-12-18,136.735,0.5778041744442561
2022-12-19,136.585,0.5752587816052943
2022-12-20,136.975,0.5818768029865942
2022-12-21,131.895,0.49567283217376557
2022-12-22,132.375,0.5038180892584421
2022-12-23,132.375,0.5038180892584421
2022-12-24,132.795,0.5109451892075338
2022-12-25,132.795,0.5109451892075338
2022-12-26,132.785,0.5107754963516034
2022-12-27,132.77,0.5105209570677076
2022-12-28,133.495,0.5228236891226878
2022-12-29,134.045,0.5321567961988796
2022-12-30,132.945,0.5134905820464957
2022-12-31,131.115,0.48243678941116586
2023-01-01,131.115,0.48243678941116586
2023-01-02,130.865,0.4781944680128969
2023-01-03,130.8,0.4770914644493469
2023-01-04,131.275,0.4851518751060582
2023-01-05,132.225,0.5012726964194807
2023-01-06,133.325,0.5199389105718646
2023-01-07,132.075,0.49872730358051887
2023-01-08,132.075,0.49872730358051887
2023-01-09,131.805,0.49414559647038847
2023-01-10,131.735,0.49295774647887325
2023-01-11,132.085,0.4988969964364498
2023-01-12,131.895,0.49567283217376557
2023-01-13,129.135,0.4488376039368738
2023-01-14,127.845,0.4269472255218052
2023-01-15,127.845,0.4269472255218052
2023-01-16,128.035,0.4301713897844899
2023-01-17,128.325,0.43509248260648214
2023-01-18,128.285,0.43441371118275884
2023-01-19,128.565,0.4391651111488206
2023-01-20,128.375,0.43594094688613594
2023-01-21,129.585,0.4564737824537588
2023-01-22,129.585,0.4564737824537588
2023-01-23,129.355,0.4525708467673508
2023-01-24,130.595,0.47361276090276605
2023-01-25,130.225,0.4673341252333276
2023-01-26,129.265,0.4510436110639737
2023-01-27,129.825,0.46054641099609683
2023-01-28,129.825,0.46054641099609683
2023-01-29,129.825,0.46054641099609683
2023-01-30,129.835,0.46071610385202777
2023-01-31,130.525,0.4724249109112504
2023-02-01,130.115,0.4654675038180891
2023-02-02,128.635,0.44035296114033584
2023-02-03,128.755,0.44238927541150486
2023-02-04,131.19,0.4837094858306463
2023-02-05,131.19,0.4837094858306463
2023-02-06,132.02,0.49779399287290027
2023-02-07,132.625,0.508060410656711
2023-02-08,131.045,0.4812489394196502
2023-02-09,131.375,0.48684880366536576
2023-02-10,131.515,0.4892245036483962
2023-02-11,131.455,0.4882063465128119
2023-02-12,131.455,0.4882063465128119
2023-02-13,131.545,0.48973358221618857
2023-02-14,132.335,0.5031393178347192
2023-02-15,132.995,0.5143390463261495
2023-02-16,133.915,0.5299507890717796
2023-02-17,134.065,0.5324961819107414
2023-02-18,134.155,0.5340234176141185
2023-02-19,134.155,0.5340234176141185
2023-02-20,134.315,0.5367385033090104
2023-02-21,134.315,0.5367385033090104
2023-02-22,134.995,0.5482776175123025
2023-02-23,134.955,0.5475988460885797
2023-02-24,134.62,0.5419141354148989
2023-02-25,136.5,0.5738163923298829
2023-02-26,136.5,0.5738163923298829
2023-02-27,136.435,0.5727133887663329
2023-02-28,136.325,0.570846767351094
2023-03-01,136.355,0.5713558459188863
2023-03-02,136.205,0.5688104530799254
2023-03-03,136.695,0.5771254030205324
2023-03-04,135.84,0.5626166638384522
2023-03-05,135.84,0.5626166638384522
2023-03-06,136.025,0.5657559816731716
2023-03-07,136.015,0.5655862888172403
2023-03-08,137.425,0.5895129815034788
2023-03-09,137.245,0.586458510096725
2023-03-10,136.425,0.5725436959104024
2023-03-11,135.075,0.5496351603597487
2023-03-12,135.075,0.5496351603597487
2023-03-13,134.965,0.5477685389445102
2023-03-14,133.105,0.516205667741388
2023-03-15,134.375,0.5377566604445951
2023-03-16,132.915,0.5129815034787033
2023-03-17,133.385,0.5209570677074493
2023-03-18,131.875,0.4953334464619037
2023-03-19,131.875,0.4953334464619037
2023-03-20,132.315,0.5027999321228573
2023-03-21,131.405,0.4873578822331577
2023-03-22,132.375,0.5038180892584421
2023-03-23,131.175,0.4834549465467506
2023-03-24,130.845,0.477855082301035
2023-03-25,130.735,0.47598846088579694
2023-03-26,130.735,0.47598846088579694
2023-03-27,130.855,0.4780247751569655
2023-03-28,131.235,0.48447310368233487
2023-03-29,131.045,0.4812489394196502
2023-03-30,132.575,0.5072119463770572
2023-03-31,133.215,0.5180722891566265
2023-04-01,132.775,0.5106058034956729
2023-04-02,132.775,0.5106058034956729
2023-04-03,133.34,0.5201934498557608
2023-04-04,132.305,0.5026302392669268
2023-04-05,131.465,0.4883760393687424
2023-04-06,130.955,0.47972170371627354
2023-04-07,131.715,0.4926183607670118
2023-04-08,132.195,0.5007636178516883
2023-04-09,132.195,0.5007636178516883
2023-04-10,132.095,0.49906668929238074
2023-04-11,133.475,0.522484303410826
2023-04-12,133.605,0.5246903105379259
2023-04-13,133.085,0.5158662820295266
2023-04-14,132.49,0.5057695571016458
2023-04-15,133.765,0.5274053962328182
2023-04-16,133.765,0.5274053962328182
2023-04-17,133.975,0.5309689462073643
2023-04-18,134.455,0.5391142032920413
2023-04-19,134.045,0.5321567961988796
2023-04-20,134.705,0.5433565246903107
2023-04-21,134.005,0.5314780247751567
2023-04-22,134.11,0.53325979976243
2023-04-23,134.11,0.53325979976243
2023-04-24,133.955,0.5306295604955034
2023-04-25,134.085,0.5328355676226029
2023-04-26,133.705,0.526387239097234
2023-04-27,133.465,0.5223146105548955
2023-04-28,133.805,0.5280841676565415
2023-04-29,136.325,0.570846767351094
2023-04-30,136.325,0.570846767351094
2023-05-01,136.395,0.5720346173426101
2023-05-02,137.535,0.5913796029187168
2023-05-03,136.475,0.5733921601900558
2023-05-04,134.545,0.5406414389954179
2023-05-05,134.195,0.5347021890378414
2023-05-06,134.84,0.5456473782453759
2023-05-07,134.84,0.5456473782453759
2023-05-08,135.195,0.5516714746309177
2023-05-09,135.075,0.5496351603597487
2023-05-10,135.285,0.5531987103342948
2023-05-11,134.085,0.5328355676226029
2023-05-12,134.505,0.5399626675716951
2023-05-13,135.725,0.5606651959952484
2023-05-14,135.725,0.5606651959952484
2023-05-15,135.825,0.562362124554556
2023-05-16,136.045,0.5660953673850326
2023-05-17,136.435,0.5727133887663329
2023-05-18,137.615,0.5927371457661634
2023-05-19,138.625,0.6098761242151702
2023-05-20,137.935,0.5981673171559476
2023-05-21,137.935,0.5981673171559476
2023-05-22,137.695,0.5940946886136091
2023-05-23,138.685,0.610894281350755
2023-05-24,138.595,0.6093670456473779
2023-05-25,139.305,0.6214152384184624
2023-05-26,140.015,0.6334634311895464
2023-05-27,140.615,0.6436450025453928
2023-05-28,140.615,0.6436450025453928
2023-05-29,140.865,0.6478873239436618
2023-05-30,140.445,0.6407602239945696
2023-05-31,139.795,0.6297301883590698
2023-06-01,139.145,0.6187001527235705
2023-06-02,138.755,0.6120821313422702
2023-06-03,139.955,0.6324452740539626
2023-06-04,139.955,0.6324452740539626
2023-06-05,140.215,0.636857288308162
2023-06-06,139.395,0.6229424741218395
2023-06-07,139.53,0.6252333276769046
2023-06-08,139.905,0.6315968097743083
2023-06-09,138.875,0.6141184456134396
2023-06-10,139.365,0.6224333955540471
2023-06-11,139.365,0.6224333955540471
2023-06-12,139.375,0.6226030884099776
2023-06-13,139.465,0.6241303241133547
2023-06-14,140.175,0.6361785168844392
2023-06-15,140.005,0.6332937383336159
2023-06-16,140.275,0.6378754454437467
2023-06-17,141.885,0.6651959952485995
2023-06-18,141.885,0.6651959952485995
2023-06-19,141.875,0.665026302392669
2023-06-20,141.895,0.6653656881045309
2023-06-21,141.335,0.6558628881724078
2023-06-22,141.69,0.66188698455795
2023-06-23,143.025,0.6845409808247072
2023-06-24,143.735,0.6965891735957916
2023-06-25,143.735,0.6965891735957916
2023-06-26,143.535,0.693195316477176
2023-06-27,143.465,0.6920074664856608
2023-06-28,143.885,0.6991345664347526
2023-06-29,144.395,0.7077889020872223
2023-06-30,144.785,0.7144069234685217
2023-07-01,144.275,0.7057525878160529
2023-07-02,144.275,0.7057525878160529
2023-07-03,144.395,0.7077889020872223
2023-07-04,144.595,0.7111827592058371
2023-07-05,144.405,0.7079585949431528
2023-07-06,144.495,0.7094858306465295
2023-07-07,143.95,0.7002375699983026
2023-07-08,142.165,0.6699473952146613
2023-07-09,142.165,0.6699473952146613
2023-07-10,142.215,0.6707958594943151
2023-07-11,141.305,0.6553538096046154
2023-07-12,140.115,0.6351603597488544
2023-07-13,138.315,0.6046156456813165
2023-07-14,138.065,0.6003733242830476
2023-07-15,138.775,0.6124215170541321
2023-07-16,138.775,0.6124215170541321
2023-07-17,138.695,0.6110639742066855
2023-07-18,138.735,0.6117427456304092
2023-07-19,139.035,0.6168335313083315
2023-07-20,139.605,0.6265060240963851
2023-07-21,139.875,0.631087731206516
2023-07-22,141.825,0.6641778381130152
2023-07-23,141.825,0.6641778381130152
2023-07-24,141.755,0.6629899881215
2023-07-25,141.535,0.659256745291023
2023-07-26,140.9,0.6484812489394194
2023-07-27,140.365,0.6394026811471238
2023-07-28,138.875,0.6141184456134396
2023-07-29,141.17,0.6530629560495498
2023-07-30,141.17,0.6530629560495498
2023-07-31,140.755,0.6460207025284233
2023-08-01,142.325,0.6726624809095532
2023-08-02,142.975,0.6836925165450534
2023-08-03,143.355,0.6901408450704223
2023-08-04,142.605,0.6774138808756149
2023-08-05,141.745,0.6628202952655691
2023-08-06,141.745,0.6628202952655691
2023-08-07,141.885,0.6651959952485995
2023-08-08,142.525,0.6760563380281688
2023-08-09,143.28,0.6888681486509418
2023-08-10,143.715,0.6962497878839298
2023-08-11,144.865,0.7157644663159679
2023-08-12,144.955,0.717291702019345
2023-08-13,144.955,0.717291702019345
2023-08-14,144.835,0.715255387748176
2023-08-15,145.44,0.7255218055319868
2023-08-16,145.615,0.7284914305107757
2023-08-17,146.325,0.7405396232818593
2023-08-18,145.715,0.7301883590700828
2023-08-19,145.405,0.7249278805362291
2023-08-20,145.405,0.7249278805362291
2023-08-21,145.315,0.7234006448328525
2023-08-22,146.245,0.7391820804344136
2023-08-23,145.765,0.7310368233497366
2023-08-24,144.675,0.7125403020532837
2023-08-25,146.065,0.7361276090276598
2023-08-26,146.425,0.7422365518411673
2023-08-27,146.425,0.7422365518411673
2023-08-28,146.535,0.7441031732564058
2023-08-29,146.465,0.7429153232648906
2023-08-30,145.985,0.7347700661802137
2023-08-31,146.095,0.7366366875954522
2023-09-01,145.465,0.7259460376718139
2023-09-02,146.225,0.7388426947225517
2023-09-03,146.225,0.7388426947225517
2023-09-04,146.065,0.7361276090276598
2023-09-05,146.545,0.7442728661123363
2023-09-06,147.475,0.7600543017138974
2023-09-07,147.715,0.7641269302562359
2023-09-08,147.355,0.7580179874427284
2023-09-09,147.825,0.7659935516714744
2023-09-10,147.825,0.7659935516714744
2023-09-11,147.125,0.7541150517563209
2023-09-12,146.675,0.7464788732394367
2023-09-13,147.165,0.7547938231800437
2023-09-14,147.345,0.7578482945867979
2023-09-15,147.475,0.7600543017138974
2023-09-16,147.855,0.7665026302392668
2023-09-17,147.855,0.7665026302392668
2023-09-18,147.875,0.7668420159511282
2023-09-19,147.615,0.7624300016969288
2023-09-20,147.745,0.7646360088240283
2023-09-21,148.325,0.7744781944680124
2023-09-22,147.655,0.7631087731206516
2023-09-23,148.385,0.7754963516035971
2023-09-24,148.385,0.7754963516035971
2023-09-25,148.445,0.7765145087391818
2023-09-26,148.815,0.7827931444086202
2023-09-27,149.055,0.7868657729509587
2023-09-28,149.505,0.7945019514678429
2023-09-29,149.345,0.791786865772951
2023-09-30,149.365,0.7921262514848124
2023-10-01,149.365,0.7921262514848124
2023-10-02,149.535,0.7950110300356352
2023-10-03,149.855,0.8004412014254199
2023-10-04,149.155,0.7885627015102663
2023-10-05,148.965,0.7853385372475816
2023-10-06,148.475,0.7770235873069742
2023-10-07,149.325,0.7914474800610891
2023-10-08,149.325,0.7914474800610891
2023-10-09,149.165,0.7887323943661968
2023-10-10,148.335,0.7746478873239437
2023-10-11,148.635,0.7797386730018665
2023-10-12,149.035,0.7865263872390968
2023-10-13,149.795,0.7994230442898351
2023-10-14,149.565,0.7955201086034276
2023-10-15,149.565,0.7955201086034276
2023-10-16,149.575,0.7956898014593581
2023-10-17,149.585,0.7958594943152895
2023-10-18,149.765,0.7989139657220428
2023-10-19,149.775,0.7990836585779737
2023-10-20,149.795,0.7994230442898351
2023-10-21,149.855,0.8004412014254199
2023-10-22,149.855,0.8004412014254199
2023-10-23,149.895,0.8011199728491432
2023-10-24,149.775,0.7990836585779737
2023-10-25,149.855,0.8004412014254199
2023-10-26,150.105,0.8046835228236888
2023-10-27,150.365,0.8090955370778892
2023-10-28,149.635,0.7967079585949428
2023-10-29,149.635,0.7967079585949428
2023-10-30,149.725,0.7982351942983199
2023-10-31,149.105,0.7877142372306121
2023-11-01,151.315,0.8252163583913117
2023-11-02,150.575,0.8126590870524348
2023-11-03,150.5,0.8113863906329544
2023-11-04,149.375,0.7922959443407429
2023-11-05,149.375,0.7922959443407429
2023-11-06,149.475,0.7939928729000505
2023-11-07,149.985,0.8026472085525198
2023-11-08,150.395,0.8096046156456815
2023-11-09,150.865,0.8175801798744271
2023-11-10,151.355,0.8258951298150345
2023-11-11,151.535,0.8289496012217883
2023-11-12,151.535,0.8289496012217883
2023-11-13,151.465,0.8277617512302731
2023-11-14,151.655,0.8309859154929577
2023-11-15,150.475,0.8109621584931272
2023-11-16,151.225,0.8236891226879346
2023-11-17,150.705,0.8148650941795352
2023-11-18,149.585,0.7958594943152895
2023-11-19,149.585,0.7958594943152895
2023-11-20,149.95,0.8020532835567618
2023-11-21,148.365,0.7751569658917361
2023-11-22,148.165,0.7717631087731205
2023-11-23,149.465,0.79382318004412
2023-11-24,149.645,0.7968776514508737
2023-11-25,149.445,0.7934837943322581
2023-11-26,149.445,0.7934837943322581
2023-11-27,149.585,0.7958594943152895
2023-11-28,148.435,0.7763448158832513
2023-11-29,147.075,0.7532665874766671
2023-11-30,147.055,0.7529272017648057
2023-12-01,148.025,0.76938740879009
2023-12-02,146.825,0.7490242660783977
2023-12-03,146.825,0.7490242660783977
2023-12-04,146.355,0.7410487018496517
2023-12-05,147.345,0.7578482945867979
2023-12-06,147.185,0.7551332088919056
2023-12-07,147.145,0.7544544374681827
2023-12-08,144.295,0.7060919735279143
2023-12-09,144.955,0.717291702019345
2023-12-10,144.955,0.717291702019345
2023-12-11,144.995,0.7179704734430679
2023-12-12,146.085,0.7364669947395213
2023-12-13,145.295,0.7230612591209906
2023-12-14,142.83,0.6812319701340572
2023-12-15,142.295,0.6721534023417612
2023-12-16,142.145,0.6696080095027999
2023-12-17,142.145,0.6696080095027999
2023-12-18,142.33,0.6727473273375193
2023-12-19,142.665,0.6784320380111992
2023-12-20,143.895,0.699304259290684
2023-12-21,143.53,0.6931104700492108
2023-12-22,142.06,0.6681656202273885
2023-12-23,142.44,0.6746139487527574
2023-12-24,142.44,0.6746139487527574
2023-12-25,142.455,0.6748684880366536
2023-12-26,142.245,0.6713049380621074
2023-12-27,142.475,0.675207873748515
2023-12-28,141.42,0.6573052774478192
2023-12-29,141.455,0.6578992024435772
2023-12-30,141.03,0.6506872560665193
2023-12-31,141.03,0.6506872560665193
2024-01-01,141.035,0.6507721024944846
2024-01-02,141.12,0.6522144917698964
2024-01-03,142.17,0.6700322416426265
2024-01-04,143.005,0.6842015951128457
2024-01-05,144.775,0.7142372306125913
2024-01-06,144.625,0.7116918377736294
2024-01-07,144.625,0.7116918377736294
2024-01-08,144.735,0.7135584591888684
2024-01-09,144.235,0.70507381639233
2024-01-10,144.445,0.7086373663668757
2024-01-11,145.735,0.7305277447819447
2024-01-12,145.095,0.7196674020023754
2024-01-13,144.915,0.7166129305956217
2024-01-14,144.915,0.7166129305956217
2024-01-15,145.175,0.721024944849822
2024-01-16,145.795,0.731545901917529
2024-01-17,147.245,0.7561513660274903
2024-01-18,148.14,0.7713388766332934
2024-01-19,148.125,0.7710843373493976
2024-01-20,148.175,0.7719328016290514
2024-01-21,148.175,0.7719328016290514
2024-01-22,148.135,0.7712540302053281
2024-01-23,148.135,0.7712540302053281
2024-01-24,148.255,0.7732903444764971
2024-01-25,147.595,0.7620906159850669
2024-01-26,147.745,0.7646360088240283
2024-01-27,148.16,0.7716782623451552
2024-01-28,148.16,0.7716782623451552
2024-01-29,148.175,0.7719328016290514
2024-01-30,147.495,0.7603936874257593
2024-01-31,147.365,0.7581876802986593
2024-02-01,147.045,0.7527575089088747
2024-02-02,146.455,0.7427456304089597
2024-02-03,148.37,0.7752418123197014
2024-02-04,148.37,0.7752418123197014
2024-02-05,148.495,0.7773629730188356
2024-02-06,148.68,0.780502290853555
2024-02-07,147.825,0.7659935516714744
2024-02-08,148.085,0.7704055659256743
2024-02-09,149.275,0.7905990157814353
2024-02-10,149.28,0.790683862209401
2024-02-11,149.28,0.790683862209401
2024-02-12,149.185,0.7890717800780587
2024-02-13,149.395,0.7926353300526048
2024-02-14,150.725,0.8152044798913962
2024-02-15,150.565,0.8124893941965039
2024-02-16,149.965,0.8023078228406584
2024-02-17,150.205,0.8063804513829969
2024-02-18,150.205,0.8063804513829969
2024-02-19,150.135,0.8051926013914812
2024-02-20,150.26,0.8073137620906154
2024-02-21,149.965,0.8023078228406584
2024-02-22,150.355,0.8089258442219578
2024-02-23,150.475,0.8109621584931272
2024-02-24,150.52,0.8117257763448158
2024-02-25,150.52,0.8117257763448158
2024-02-26,150.505,0.8114712370609196
2024-02-27,150.565,0.8124893941965039
2024-02-28,150.52,0.8117257763448158
2024-02-29,150.655,0.814016629899881
2024-03-01,150.095,0.8045138299677583
2024-03-02,150.115,0.8048532156796198
2024-03-03,150.115,0.8048532156796198
2024-03-04,150.145,0.8053622942474121
2024-03-05,150.465,0.8107924656371968
2024-03-06,150.035,0.8034956728321736
2024-03-07,149.265,0.7904293229255044
2024-03-08,147.865,0.7666723230951977
2024-03-09,147.065,0.7530968946207361
2024-03-10,147.065,0.7530968946207361
2024-03-11,146.785,0.7483454946546748
2024-03-12,146.725,0.7473273375190901
2024-03-13,147.645,0.7629390802647207
2024-03-14,147.635,0.7627693874087897
2024-03-15,148.305,0.7741388087561514
2024-03-16,149.065,0.7870354658068892
2024-03-17,149.065,0.7870354658068892
2024-03-18,148.955,0.7851688443916511
2024-03-19,149.17,0.788817240794162
2024-03-20,151.055,0.8208043441371118
2024-03-21,150.745,0.8155438656032581
2024-03-22,151.635,0.8306465297810959
2024-03-23,151.44,0.827337519090446
2024-03-24,151.44,0.827337519090446
2024-03-25,151.325,0.8253860512472422
2024-03-26,151.375,0.826234515526896
2024-03-27,151.535,0.8289496012217883
2024-03-28,151.295,0.8248769726794498
2024-03-29,151.45,0.8275072119463769
2024-03-30,151.345,0.8257254369591036
2024-03-31,151.345,0.8257254369591036
2024-04-01,151.415,0.8269132869506193
2024-04-02,151.595,0.829967758357373
2024-04-03,151.545,0.8291192940777188
2024-04-04,151.575,0.8296283726455111
2024-04-05,151.3,0.8249618191074155
2024-04-06,151.625,0.8304768369251654
2024-04-07,151.625,0.8304768369251654
2024-04-08,151.695,0.8316646869166806
2024-04-09,151.845,0.834210079755642
2024-04-10,151.785,0.8331919226200573
2024-04-11,152.965,0.8532156796198878
2024-04-12,153.205,0.8572883081622262
2024-04-13,153.265,0.8583064652978105
2024-04-14,153.265,0.8583064652978105
2024-04-15,153.305,0.8589852367215338
2024-04-16,154.235,0.8747666723230954
2024-04-17,154.7,0.8826573901238752
2024-04-18,154.365,0.8769726794501953
2024-04-19,154.615,0.8812150008484643
2024-04-20,154.64,0.8816392329882909
2024-04-21,154.64,0.8816392329882909
2024-04-22,154.645,0.8817240794162566
2024-04-23,154.815,0.8846088579670794
2024-04-24,154.745,0.8834210079755642
2024-04-25,155.275,0.8924147293398945
2024-04-26,155.615,0.8981842864415406
2024-04-27,158.335,0.9443407432547091
2024-04-28,158.335,0.9443407432547091
2024-04-29,158.205,0.9421347361276091
2024-04-30,156.32,0.9101476327846594
2024-05-01,157.75,0.9344137111827588
2024-05-02,155.72,0.8999660614288139
2024-05-03,153.1,0.855506533174953
2024-05-04,153.04,0.8544883760393682
2024-05-05,153.04,0.8544883760393682
2024-05-06,153.64,0.8646699473952142
2024-05-07,154.265,0.8752757508908873
2024-05-08,154.775,0.8839300865433566
2024-05-09,155.36,0.8938571186153064
2024-05-10,155.395,0.894451043611064
2024-05-11,155.775,0.9008993721364329
2024-05-12,155.775,0.9008993721364329
2024-05-13,155.835,0.9019175292720176
2024-05-14,156.235,0.9087052435092484
2024-05-15,156.52,0.913541489903275
2024-05-16,154.335,0.8764636008824029
2024-05-17,155.405,0.8946207364669945
2024-05-18,155.665,0.8990327507211944
2024-05-19,155.665,0.8990327507211944
2024-05-20,155.77,0.9008145257084677
2024-05-21,156.395,0.9114203292041403
2024-05-22,156.27,0.909299168505006
2024-05-23,156.725,0.9170201934498554
2024-05-24,156.985,0.9214322077040558
2024-05-25,157.0,0.9216867469879515
2024-05-26,157.0,0.9216867469879515
2024-05-27,156.865,0.9193958934328863
2024-05-28,156.855,0.9192262005769554
2024-05-29,157.275,0.9263533005260476
2024-05-30,157.62,0.9322077040556593
2024-05-31,156.985,0.9214322077040558
2024-06-01,157.3,0.9267775326658747
2024-06-02,157.3,0.9267775326658747
2024-06-03,157.185,0.9248260648226709
2024-06-04,156.075,0.9059901578143557
2024-06-05,155.105,0.8895299507890713
2024-06-06,155.925,0.9034447649753947
2024-06-07,155.685,0.8993721364330558
2024-06-08,156.76,0.917614118445613
2024-06-09,156.76,0.917614118445613
2024-06-10,156.825,0.918717122009163
2024-06-11,157.045,0.92245036483964
2024-06-12,157.105,0.9234685219752243
2024-06-13,156.795,0.9182080434413706
2024-06-14,157.125,0.9238079076870862
2024-06-15,157.39,0.9283047683692514
2024-06-16,157.39,0.9283047683692514
2024-06-17,157.555,0.9311047004921094
2024-06-18,157.695,0.9334804004751398
2024-06-19,157.855,0.9361954861700317
2024-06-20,157.955,0.9378924147293397
2024-06-21,158.935,0.9545223146105546
2024-06-22,159.805,0.9692855930765314
2024-06-23,159.805,0.9692855930765314
2024-06-24,159.905,0.970982521635839
2024-06-25,159.685,0.9672492788053619
2024-06-26,159.705,0.9675886645172238
2024-06-27,160.635,0.9833701001187845
2024-06-28,160.715,0.984727642966231
2024-06-29,160.88,0.9875275750890886
2024-06-30,160.88,0.9875275750890886
2024-07-01,160.925,0.9882911929407772
2024-07-02,161.505,0.9981333785847613
2024-07-03,161.505,0.9981333785847613
2024-07-04,161.615,0.9999999999999998
2024-07-05,161.365,0.9957576786017308
2024-07-06,160.78,0.985830646529781
2024-07-07,160.78,0.985830646529781
2024-07-08,160.645,0.9835397929747158
2024-07-09,160.85,0.9870184965212963
2024-07-10,161.33,0.9951637536059732
2024-07-11,161.595,0.9996606142881383
2024-07-12,158.395,0.9453589003902934
2024-07-13,157.91,0.9371287968776512
2024-07-14,157.91,0.9371287968776512
2024-07-15,158.275,0.9433225861191243
2024-07-16,158.145,0.9411165789920244
2024-07-17,158.365,0.9448498218225014
2024-07-18,155.69,0.8994569828610215
2024-07-19,157.155,0.9243169862548786
2024-07-20,157.465,0.9295774647887323
2024-07-21,157.465,0.9295774647887323
2024-07-22,157.395,0.928389614797217
2024-07-23,156.91,0.9201595112845748
2024-07-24,155.79,0.9011539114203291
2024-07-25,153.945,0.8698455795011026
2024-07-26,153.71,0.8658577973867299
2024-07-27,153.75,0.8665365688104527
2024-07-28,153.75,0.8665365688104527
2024-07-29,154.14,0.8731545901917526
2024-07-30,153.845,0.868148650941795
2024-07-31,152.7,0.8487188189377222
2024-08-01,149.765,0.7989139657220428
2024-08-02,149.235,0.7899202443577125
2024-08-03,146.53,0.7440183268284402
2024-08-04,146.53,0.7440183268284402
2024-08-05,145.565,0.7276429662311215
2024-08-06,145.795,0.731545901917529
2024-08-07,144.73,0.7134736127609023
2024-08-08,146.225,0.7388426947225517
2024-08-09,147.705,0.7639572374003054
2024-08-10,146.615,0.745460716103852
2024-08-11,146.615,0.745460716103852
2024-08-12,147.075,0.7532665874766671
2024-08-13,147.0,0.7519938910571862
2024-08-14,146.965,0.7513999660614286
2024-08-15,147.275,0.7566604445952823
2024-08-16,149.2,0.7893263193619544
2024-08-17,147.61,0.7623451552689631
2024-08-18,147.61,0.7623451552689631
2024-08-19,147.935,0.767860173086713
2024-08-20,146.73,0.7474121839470553
2024-08-21,145.34,0.7238248769726792
2024-08-22,145.125,0.7201764805701678
2024-08-23,146.215,0.7386730018666212
2024-08-24,144.385,0.707619209231291
2024-08-25,144.385,0.707619209231291
2024-08-26,143.98,0.7007466485660949
2024-08-27,144.515,0.7098252163583909
2024-08-28,143.965,0.7004921092821992
2024-08-29,144.445,0.7086373663668757
2024-08-30,144.935,0.7169523163074831
2024-08-31,146.18,0.7380790768708636
2024-09-01,146.18,0.7380790768708636
2024-09-02,146.405,0.7418971661293059
2024-09-03,146.745,0.747666723230952
2024-09-04,145.35,0.7239945698286101
2024-09-05,143.335,0.6898014593585609
2024-09-06,143.405,0.6909893093500761
2024-09-07,142.285,0.6719837094858303
2024-09-08,142.285,0.6719837094858303
2024-09-09,142.505,0.6757169523163074
2024-09-10,143.185,0.6872560665195995
2024-09-11,142.25,0.6713897844900727
2024-09-12,142.64,0.6780078058713725
2024-09-13,141.525,0.6590870524350925
2024-09-14,140.825,0.6472085525199385
2024-09-15,140.825,0.6472085525199385
2024-09-16,140.835,0.6473782453758699
2024-09-17,140.805,0.6468691668080775
2024-09-18,141.995,0.6670626166638385
2024-09-19,142.72,0.6793653487188187
2024-09-20,142.87,0.6819107415577805
2024-09-21,143.9,0.6993891057186492
2024-09-22,143.9,0.6993891057186492
2024-09-23,144.08,0.702443577125403
2024-09-24,143.665,0.695401323604276
2024-09-25,142.97,0.6836076701170877
2024-09-26,144.735,0.7135584591888684
2024-09-27,145.08,0.7194128627184797
2024-09-28,142.205,0.6706261666383846
2024-09-29,142.205,0.6706261666383846
2024-09-30,142.815,0.680977430850161
2024-10-01,143.71,0.6961649414559645
2024-10-02,143.755,0.6969285593076531
2024-10-03,146.585,0.7449516375360596
2024-10-04,146.835,0.749193958934329
2024-10-05,148.695,0.7807568301374508
2024-10-06,148.695,0.7807568301374508
2024-10-07,148.785,0.7822840658408279
2024-10-08,148.155,0.7715934159171896
2024-10-09,148.155,0.7715934159171896
2024-10-10,149.165,0.7887323943661968
2024-10-11,148.715,0.7810962158493127
2024-10-12,149.12,0.7879687765145087
2024-10-13,149.12,0.7879687765145087
2024-10-14,149.335,0.79161717291702
2024-10-15,149.715,0.798065501442389
2024-10-16,149.085,0.7873748515187511
2024-10-17,149.57,0.7956049550313928
2024-10-18,150.135,0.8051926013914812
2024-10-19,149.535,0.7950110300356352
2024-10-20,149.535,0.7950110300356352
2024-10-21,149.605,0.7961988800271504
2024-10-22,150.615,0.8133378584761581
2024-10-23,151.145,0.8223315798404889
2024-10-24,152.79,0.8502460546410993
2024-10-25,151.795,0.8333616154759882
2024-10-26,152.295,0.8418462582725261
2024-10-27,152.295,0.8418462582725261
2024-10-28,152.97,0.853300526047853
2024-10-29,153.185,0.8569489224503648
2024-10-30,153.295,0.8588155438656029
2024-10-31,153.245,0.8579670795859495
2024-11-01,151.935,0.8357373154590191
2024-11-02,152.97,0.853300526047853
2024-11-03,152.97,0.853300526047853
2024-11-04,152.28,0.8415917189886304
2024-11-05,152.255,0.8411674868488033
2024-11-06,151.45,0.8275072119463769
2024-11-07,154.315,0.8761242151705411
2024-11-08,153.175,0.8567792295944343
2024-11-09,152.63,0.8475309689462069
2024-11-10,152.63,0.8475309689462069
2024-11-11,152.925,0.8525369081961649
2024-11-12,153.48,0.8619548617003219
2024-11-13,154.66,0.8819786187001524
2024-11-14,155.425,0.8949601221788563
2024-11-15,156.485,0.9129475649075174
2024-11-16,154.36,0.8768878330222296
2024-11-17,154.36,0.8768878330222296
2024-11-18,154.67,0.8821483115560833
2024-11-19,154.615,0.8812150008484643
2024-11-20,154.725,0.8830816222637023
2024-11-21,155.3,0.8928389614797216
2024-11-22,154.17,0.8736636687595449
2024-11-23,154.775,0.8839300865433566
2024-11-24,154.775,0.8839300865433566
2024-11-25,154.16,0.8734939759036144
2024-11-26,154.39,0.8773969115900215
2024-11-27,152.96,0.8531308331919225
2024-11-28,151.38,0.8263193619548617
2024-11-29,151.22,0.8236042762599693
2024-11-30,149.755,0.7987442728661123
2024-12-01,149.755,0.7987442728661123
2024-12-02,149.895,0.8011199728491432
2024-12-03,149.5,0.7944171050398776
2024-12-04,149.66,0.7971321907347699
2024-12-05,150.575,0.8126590870524348
2024-12-06,150.205,0.8063804513829969
2024-12-07,150.035,0.8034956728321736
2024-12-08,150.035,0.8034956728321736
2024-12-09,149.91,0.8013745121330389
2024-12-10,151.39,0.8264890548107922
2024-12-11,151.835,0.8340403868997115
2024-12-12,152.26,0.8412523332767685
2024-12-13,152.585,0.8467673510945188
2024-12-14,153.615,0.8642457152553875
2024-12-15,153.615,0.8642457152553875
2024-12-16,153.47,0.8617851688443914
2024-12-17,154.08,0.8721364330561683
2024-12-18,153.575,0.8635669438316642
2024-12-19,154.7,0.8826573901238752
2024-12-20,157.655,0.932801629051417
2024-12-21,156.405,0.9115900220600712
2024-12-22,156.405,0.9115900220600712
2024-12-23,156.56,0.9142202613269979
2024-12-24,157.175,0.92465637196674
2024-12-25,157.1,0.9233836755472591
2024-12-26,157.115,0.9236382148311557
2024-12-27,157.755,0.9344985576107245
2024-12-28,157.855,0.9361954861700317
2024-12-29,157.855,0.9361954861700317
2024-12-30,157.89,0.9367894111657893
2024-12-31,157.0,0.9216867469879515
2025-01-01,157.2,0.9250806041065667
2025-01-02,157.75,0.9344137111827588
2025-01-03,157.355,0.9277108433734937
2025-01-04,157.295,0.926692686237909
2025-01-05,157.295,0.926692686237909
2025-01-06,157.485,0.9299168505005941
2025-01-07,157.755,0.9344985576107245
2025-01-08,158.22,0.9423892754115049
2025-01-09,158.195,0.9419650432716777
2025-01-10,158.045,0.9394196504327164
2025-01-11,157.715,0.9338197861870012
2025-01-12,157.715,0.9338197861870012
2025-01-13,157.915,0.9372136433056164
2025-01-14,157.345,0.9275411505175628
2025-01-15,158.05,0.939504496860682
2025-01-16,156.225,0.908535550653317
2025-01-17,155.395,0.894451043611064
2025-01-18,156.295,0.9097234006448323
2025-01-19,156.295,0.9097234006448323
2025-01-20,156.3,0.9098082470727984
2025-01-21,155.285,0.8925844221958255
2025-01-22,155.745,0.9003902935686405
2025-01-23,156.425,0.9119294077719327
2025-01-24,156.17,0.907602239945698
2025-01-25,155.985,0.904462922110979
2025-01-26,155.985,0.904462922110979
2025-01-27,155.75,0.9004751399966058
2025-01-28,154.92,0.8863906329543523
2025-01-29,155.565,0.8973358221618868
2025-01-30,155.19,0.8909723400644831
2025-01-31,154.075,0.8720515866282026
2025-02-01,155.21,0.891311725776345
2025-02-02,155.21,0.891311725776345
2025-02-03,155.415,0.8947904293229254
2025-02-04,155.295,0.892754115051756
2025-02-05,154.165,0.8735788223315797
2025-02-06,152.645,0.8477855082301036
2025-02-07,151.19,0.823095197692177
2025-02-08,151.415,0.8269132869506193
2025-02-09,151.415,0.8269132869506193
2025-02-10,151.87,0.8346343118954691
2025-02-11,151.795,0.8333616154759882
2025-02-12,152.73,0.8492278975055145
2025-02-13,154.235,0.8747666723230954
2025-02-14,152.995,0.8537247581876801
2025-02-15,152.295,0.8418462582725261
2025-02-16,152.295,0.8418462582725261
2025-02-17,152.02,0.8371797047344305
2025-02-18,151.425,0.8270829798065502
2025-02-19,151.935,0.8357373154590191
2025-02-20,151.225,0.8236891226879346
2025-02-21,149.44,0.7933989479042929
2025-02-22,149.285,0.7907687086373663
2025-02-23,149.285,0.7907687086373663
2025-02-24,149.36,0.7920414050568472
2025-02-25,149.885,0.8009502799932118
2025-02-26,149.075,0.7872051586628201
2025-02-27,148.835,0.7831325301204817
2025-02-28,150.09,0.8044289835397926
2025-03-01,150.62,0.8134227049041234
2025-03-02,150.62,0.8134227049041234
2025-03-03,150.785,0.816222637026981
2025-03-04,149.355,0.7919565586288815
2025-03-05,149.805,0.7995927371457661
2025-03-06,148.895,0.7841506872560664
2025-03-07,148.105,0.7707449516375358
2025-03-08,148.045,0.769726794501951
2025-03-09,148.045,0.769726794501951
2025-03-10,147.61,0.7623451552689631
2025-03-11,147.075,0.7532665874766671
2025-03-12,148.045,0.769726794501951
2025-03-13,148.285,0.7737994230442895
2025-03-14,147.92,0.7676056338028163
2025-03-15,148.635,0.7797386730018665
2025-03-16,148.635,0.7797386730018665
2025-03-17,148.595,0.7790599015781432
2025-03-18,149.385,0.7924656371966738
2025-03-19,149.465,0.79382318004412
2025-03-20,148.485,0.7771932801629051
2025-03-21,148.615,0.7793992872900051
2025-03-22,149.32,0.7913626336331239
2025-03-23,149.32,0.7913626336331239
2025-03-24,149.675,0.7973867300186661
2025-03-25,150.795,0.8163923298829114
2025-03-26,149.955,0.8021381299847279
2025-03-27,150.47,0.810877312065162
2025-03-28,150.88,0.8178347191583233
2025-03-29,149.83,0.8000169692855932
2025-03-30,149.83,0.8000169692855932
2025-03-31,149.62,0.7964534193110471
2025-04-01,149.915,0.8014593585610041
2025-04-02,149.765,0.7989139657220428
2025-04-03,147.88,0.7669268623790935
2025-04-04,146.225,0.7388426947225517
2025-04-05,146.97,0.7514848124893938
2025-04-06,146.97,0.7514848124893938
2025-04-07,145.39,0.724673341252333
2025-04-08,147.77,0.7650602409638554
2025-04-09,145.865,0.7327337519090447
2025-04-10,147.4,0.758781605294417
2025-04-11,143.76,0.6970134057356183
2025-04-12,143.52,0.6929407771932803
2025-04-13,143.52,0.6929407771932803
2025-04-14,143.73,0.696504327167826
2025-04-15,143.2,0.6875106058034952
